agency facility id,pollutant type(s),pollutant type(s)
A0023,HAP,38
A0085,HAP,5
A0098,HAP,34
A0169,HAP,44
A0171,HAP,4
A0402,HAP,32
A0563,HAP,35
A0749,HAP,62
A0767,HAP,13
A0884,HAP,76
A0999,HAP,28
A1430,HAP,1
A1640,HAP,32
A1641,HAP,32
A1864,HAP,32
A1932,HAP,32
A1991,HAP,57
A2208,HAP,1
A2402,HAP,34
A2534,HAP,38
A2620,HAP,33
A2677,HAP,1
A2722,HAP,5
A2849,HAP,32
A2851,HAP,11
A2889,HAP,1
A2931,HAP,3
A3352,HAP,34
A3567,HAP,36
A3569,HAP,43
A3900,HAP,13
A3934,HAP,13
A4033,HAP,68
A4043,HAP,45
A4279,HAP,1
A4285,HAP,57
A4302,HAP,7
A4315,HAP,5
A4338,HAP,35
A4741,HAP,32
A5262,HAP,37
A5496,HAP,2
A5764,HAP,29
A5806,HAP,32
A5858,HAP,36
A5867,HAP,1
A5937,HAP,28
A6175,HAP,36
A6218,HAP,34
A6220,HAP,32
A6240,HAP,32
A6262,HAP,1
A6352,HAP,6
A6380,HAP,32
A6475,HAP,34
A6497,HAP,31
A6714,HAP,32
A6902,HAP,32
A7757,HAP,32
A7809,HAP,43
A7972,HAP,1
A8019,HAP,3
A8638,HAP,37
A8640,HAP,53
A8645,HAP,25
A8648,HAP,43
A8650,HAP,48
A8651,HAP,32
A8953,HAP,1
A9196,HAP,1
A9364,HAP,5
A9365,HAP,33
A9831,HAP,38
AIRPORT01MI,HAP,32
AIRPORT02MI,HAP,26
AIRPORT03MI,HAP,32
AIRPORT04MI,HAP,26
AIRPORT06MI,HAP,32
AIRPORT07MI,HAP,26
AIRPORT08C,HAP,32
AIRPORT08MI,HAP,32
AIRPORT09MI,HAP,32
AIRPORT0C5,HAP,26
AIRPORT0MI1,HAP,32
AIRPORT0MI3,HAP,26
AIRPORT0MI4,HAP,26
AIRPORT0MI6,HAP,26
AIRPORT0MI7,HAP,32
AIRPORT0MI9,HAP,32
AIRPORT10MI,HAP,32
AIRPORT11G,HAP,32
AIRPORT11MI,HAP,32
AIRPORT12MI,HAP,26
AIRPORT13C,HAP,32
AIRPORT13D,HAP,32
AIRPORT13MI,HAP,32
AIRPORT14MI,HAP,26
AIRPORT15MI,HAP,32
AIRPORT15W,HAP,32
AIRPORT16MI,HAP,26
AIRPORT17MI,HAP,32
AIRPORT18MI,HAP,32
AIRPORT19MI,HAP,32
AIRPORT1D2,HAP,32
AIRPORT1MI1,HAP,26
AIRPORT1MI2,HAP,32
AIRPORT1MI3,HAP,26
AIRPORT1MI4,HAP,26
AIRPORT1MI5,HAP,26
AIRPORT1MI8,HAP,26
AIRPORT1MI9,HAP,26
AIRPORT200ECA,HAP,32
AIRPORT200ESH,HAP,32
AIRPORT20MI,HAP,32
AIRPORT21MI,HAP,32
AIRPORT22MI,HAP,32
AIRPORT23MI,HAP,26
AIRPORT24C,HAP,32
AIRPORT24M,HAP,32
AIRPORT25MI,HAP,26
AIRPORT26MI,HAP,26
AIRPORT26W,HAP,32
AIRPORT27C,HAP,32
AIRPORT27MI,HAP,26
AIRPORT28MI,HAP,26
AIRPORT29C,HAP,32
AIRPORT29MI,HAP,32
AIRPORT2C5,HAP,32
AIRPORT2F2,HAP,32
AIRPORT2H4,HAP,26
AIRPORT2M7,HAP,32
AIRPORT2MI0,HAP,26
AIRPORT2MI1,HAP,32
AIRPORT2MI2,HAP,32
AIRPORT2MI4,HAP,26
AIRPORT2MI5,HAP,32
AIRPORT2MI7,HAP,32
AIRPORT2MI8,HAP,32
AIRPORT2MI9,HAP,26
AIRPORT2P4,HAP,32
AIRPORT2T7,HAP,32
AIRPORT30MI,HAP,26
AIRPORT32MI,HAP,32
AIRPORT33C,HAP,32
AIRPORT33MI,HAP,32
AIRPORT34G,HAP,32
AIRPORT34MI,HAP,26
AIRPORT34U,HAP,26
AIRPORT35C,HAP,32
AIRPORT35D,HAP,32
AIRPORT35MI,HAP,26
AIRPORT36MI,HAP,32
AIRPORT37MI,HAP,26
AIRPORT38C,HAP,32
AIRPORT38MI,HAP,26
AIRPORT39G,HAP,32
AIRPORT39MI,HAP,32
AIRPORT39T,HAP,32
AIRPORT39Z,HAP,32
AIRPORT3BS,HAP,32
AIRPORT3CM,HAP,32
AIRPORT3DA,HAP,32
AIRPORT3F5,HAP,32
AIRPORT3GM,HAP,32
AIRPORT3L7,HAP,32
AIRPORT3MI0,HAP,26
AIRPORT3MI2,HAP,26
AIRPORT3MI3,HAP,32
AIRPORT3MI4,HAP,32
AIRPORT3MI6,HAP,32
AIRPORT3MI7,HAP,26
AIRPORT3MI8,HAP,32
AIRPORT3NP,HAP,32
AIRPORT3RC,HAP,32
AIRPORT3S5,HAP,32
AIRPORT3TE,HAP,32
AIRPORT3TR,HAP,32
AIRPORT40C,HAP,32
AIRPORT41C,HAP,32
AIRPORT41G,HAP,32
AIRPORT42C,HAP,32
AIRPORT43G,HAP,32
AIRPORT43MI,HAP,32
AIRPORT44G,HAP,32
AIRPORT44MI,HAP,32
AIRPORT45G,HAP,32
AIRPORT45MI,HAP,26
AIRPORT46MI,HAP,26
AIRPORT47MI,HAP,26
AIRPORT48D,HAP,32
AIRPORT48G,HAP,32
AIRPORT48MI,HAP,32
AIRPORT49G,HAP,32
AIRPORT4D0,HAP,32
AIRPORT4M0,HAP,32
AIRPORT4MI0,HAP,26
AIRPORT4MI1,HAP,26
AIRPORT4MI4,HAP,26
AIRPORT4MI5,HAP,32
AIRPORT4MI6,HAP,26
AIRPORT4MI7,HAP,26
AIRPORT4MI8,HAP,26
AIRPORT4MI9,HAP,32
AIRPORT4N0,HAP,32
AIRPORT4Y1,HAP,32
AIRPORT4Y4,HAP,32
AIRPORT4Y8,HAP,32
AIRPORT4Y9,HAP,32
AIRPORT50D,HAP,32
AIRPORT50G,HAP,32
AIRPORT51G,HAP,32
AIRPORT51M,HAP,32
AIRPORT52I,HAP,32
AIRPORT53M,HAP,32
AIRPORT53MI,HAP,32
AIRPORT53W,HAP,26
AIRPORT54MI,HAP,26
AIRPORT55G,HAP,32
AIRPORT55MI,HAP,32
AIRPORT56G,HAP,32
AIRPORT56MI,HAP,32
AIRPORT57D,HAP,32
AIRPORT57MI,HAP,32
AIRPORT58MI,HAP,32
AIRPORT59M,HAP,32
AIRPORT59MI,HAP,32
AIRPORT5D5,HAP,32
AIRPORT5MI0,HAP,32
AIRPORT5MI1,HAP,26
AIRPORT5MI5,HAP,32
AIRPORT5MI6,HAP,32
AIRPORT5MI7,HAP,26
AIRPORT5MI8,HAP,26
AIRPORT5MI9,HAP,32
AIRPORT5N7,HAP,32
AIRPORT5Y0,HAP,32
AIRPORT5Y1,HAP,32
AIRPORT5Y2,HAP,32
AIRPORT5Y4,HAP,32
AIRPORT5Y5,HAP,32
AIRPORT5Y7,HAP,32
AIRPORT60G,HAP,32
AIRPORT60MI,HAP,26
AIRPORT61D,HAP,32
AIRPORT61G,HAP,32
AIRPORT61MI,HAP,32
AIRPORT63MI,HAP,32
AIRPORT64MI,HAP,32
AIRPORT65G,HAP,32
AIRPORT65MI,HAP,32
AIRPORT66G,HAP,32
AIRPORT66MI,HAP,26
AIRPORT68G,HAP,32
AIRPORT68R,HAP,32
AIRPORT69G,HAP,32
AIRPORT6D6,HAP,32
AIRPORT6D9,HAP,32
AIRPORT6G0,HAP,32
AIRPORT6G8,HAP,32
AIRPORT6H4,HAP,32
AIRPORT6MI0,HAP,26
AIRPORT6MI1,HAP,26
AIRPORT6MI3,HAP,26
AIRPORT6MI4,HAP,32
AIRPORT6MI6,HAP,26
AIRPORT6MI7,HAP,26
AIRPORT6MI8,HAP,32
AIRPORT6MI9,HAP,32
AIRPORT6Y0,HAP,32
AIRPORT6Y1,HAP,32
AIRPORT6Y6,HAP,32
AIRPORT6Y8,HAP,32
AIRPORT6Y9,HAP,32
AIRPORT72MI,HAP,32
AIRPORT73MI,HAP,32
AIRPORT75G,HAP,32
AIRPORT75MI,HAP,26
AIRPORT76G,HAP,32
AIRPORT77G,HAP,32
AIRPORT78MI,HAP,32
AIRPORT79MI,HAP,26
AIRPORT7D3,HAP,32
AIRPORT7MI0,HAP,32
AIRPORT7MI1,HAP,32
AIRPORT7MI3,HAP,26
AIRPORT7MI5,HAP,32
AIRPORT7MI6,HAP,26
AIRPORT7MI7,HAP,26
AIRPORT7MI8,HAP,26
AIRPORT7MI9,HAP,32
AIRPORT7N4,HAP,32
AIRPORT7Y2,HAP,32
AIRPORT80D,HAP,26
AIRPORT83D,HAP,32
AIRPORT84MI,HAP,32
AIRPORT85MI,HAP,26
AIRPORT86MI,HAP,32
AIRPORT88G,HAP,32
AIRPORT89Y,HAP,32
AIRPORT8D4,HAP,32
AIRPORT8M8,HAP,32
AIRPORT8MI2,HAP,32
AIRPORT8MI3,HAP,32
AIRPORT8MI6,HAP,32
AIRPORT8MI7,HAP,26
AIRPORT8MI9,HAP,26
AIRPORT95MI,HAP,26
AIRPORT96G,HAP,32
AIRPORT97G,HAP,32
AIRPORT98G,HAP,32
AIRPORT98MI,HAP,32
AIRPORT9C8,HAP,32
AIRPORT9D9,HAP,32
AIRPORT9G2,HAP,32
AIRPORT9MI0,HAP,32
AIRPORT9MI1,HAP,32
AIRPORT9MI2,HAP,26
AIRPORT9MI3,HAP,32
AIRPORT9MI6,HAP,26
AIRPORT9MI7,HAP,32
AIRPORT9MI8,HAP,32
AIRPORT9MI9,HAP,32
AIRPORTACB,HAP,32
AIRPORTADG,HAP,32
AIRPORTAMN,HAP,32
AIRPORTANJ,HAP,32
AIRPORTAPN,HAP,34
AIRPORTARB,HAP,34
AIRPORTAZO,HAP,33
AIRPORTBAX,HAP,32
AIRPORTBEH,HAP,32
AIRPORTBFA,HAP,32
AIRPORTBIV,HAP,32
AIRPORTBTL,HAP,33
AIRPORTC04,HAP,32
AIRPORTC20,HAP,32
AIRPORTC43,HAP,32
AIRPORTC91,HAP,32
AIRPORTCAD,HAP,33
AIRPORTCFS,HAP,32
AIRPORTCIU,HAP,34
AIRPORTCMX,HAP,34
AIRPORTCVX,HAP,32
AIRPORTD11,HAP,32
AIRPORTD15,HAP,32
AIRPORTD20,HAP,32
AIRPORTD90,HAP,32
AIRPORTD95,HAP,32
AIRPORTD98,HAP,32
AIRPORTDET,HAP,34
AIRPORTDRM,HAP,32
AIRPORTDTW,HAP,33
AIRPORTDUH,HAP,32
AIRPORTE53,HAP,32
AIRPORTE66,HAP,32
AIRPORTERY,HAP,32
AIRPORTESC,HAP,34
AIRPORTFFX,HAP,32
AIRPORTFKS,HAP,32
AIRPORTFNT,HAP,33
AIRPORTFPK,HAP,32
AIRPORTGDW,HAP,32
AIRPORTGLR,HAP,32
AIRPORTGOV,HAP,32
AIRPORTGRR,HAP,33
AIRPORTH80,HAP,32
AIRPORTHAI,HAP,32
AIRPORTHLM,HAP,33
AIRPORTHTL,HAP,32
AIRPORTHYX,HAP,32
AIRPORTIMT,HAP,34
AIRPORTIRS,HAP,32
AIRPORTISQ,HAP,32
AIRPORTIWD,HAP,34
AIRPORTJXN,HAP,33
AIRPORTJYM,HAP,32
AIRPORTLAN,HAP,33
AIRPORTLDM,HAP,32
AIRPORTLWA,HAP,32
AIRPORTM61,HAP,32
AIRPORTM86,HAP,32
AIRPORTMBL,HAP,34
AIRPORTMBS,HAP,33
AIRPORTMCD,HAP,32
AIRPORTMGN,HAP,32
AIRPORTMI01,HAP,26
AIRPORTMI02,HAP,26
AIRPORTMI05,HAP,26
AIRPORTMI07,HAP,32
AIRPORTMI08,HAP,32
AIRPORTMI09,HAP,32
AIRPORTMI10,HAP,32
AIRPORTMI11,HAP,26
AIRPORTMI13,HAP,26
AIRPORTMI14,HAP,32
AIRPORTMI15,HAP,26
AIRPORTMI16,HAP,32
AIRPORTMI17,HAP,32
AIRPORTMI18,HAP,26
AIRPORTMI19,HAP,26
AIRPORTMI20,HAP,32
AIRPORTMI22,HAP,26
AIRPORTMI23,HAP,26
AIRPORTMI24,HAP,26
AIRPORTMI25,HAP,26
AIRPORTMI27,HAP,26
AIRPORTMI28,HAP,32
AIRPORTMI29,HAP,26
AIRPORTMI31,HAP,26
AIRPORTMI32,HAP,32
AIRPORTMI33,HAP,26
AIRPORTMI34,HAP,32
AIRPORTMI35,HAP,26
AIRPORTMI36,HAP,32
AIRPORTMI37,HAP,26
AIRPORTMI38,HAP,26
AIRPORTMI39,HAP,26
AIRPORTMI40,HAP,32
AIRPORTMI41,HAP,26
AIRPORTMI42,HAP,32
AIRPORTMI44,HAP,26
AIRPORTMI46,HAP,32
AIRPORTMI47,HAP,26
AIRPORTMI48,HAP,26
AIRPORTMI49,HAP,32
AIRPORTMI53,HAP,32
AIRPORTMI54,HAP,32
AIRPORTMI56,HAP,26
AIRPORTMI57,HAP,32
AIRPORTMI58,HAP,26
AIRPORTMI59,HAP,32
AIRPORTMI60,HAP,26
AIRPORTMI61,HAP,32
AIRPORTMI63,HAP,32
AIRPORTMI66,HAP,32
AIRPORTMI67,HAP,26
AIRPORTMI68,HAP,26
AIRPORTMI70,HAP,32
AIRPORTMI71,HAP,26
AIRPORTMI72,HAP,26
AIRPORTMI74,HAP,32
AIRPORTMI76,HAP,26
AIRPORTMI78,HAP,26
AIRPORTMI79,HAP,32
AIRPORTMI80,HAP,26
AIRPORTMI81,HAP,32
AIRPORTMI82,HAP,26
AIRPORTMI85,HAP,32
AIRPORTMI86,HAP,26
AIRPORTMI88,HAP,26
AIRPORTMI89,HAP,26
AIRPORTMI90,HAP,32
AIRPORTMI92,HAP,26
AIRPORTMI95,HAP,26
AIRPORTMI97,HAP,32
AIRPORTMI98,HAP,26
AIRPORTMI99,HAP,26
AIRPORTMKG,HAP,33
AIRPORTMNM,HAP,32
AIRPORTMOP,HAP,33
AIRPORTMTC,HAP,32
AIRPORTN98,HAP,32
AIRPORTOEB,HAP,32
AIRPORTOGM,HAP,32
AIRPORTONZ,HAP,32
AIRPORTOSC,HAP,33
AIRPORTOZW,HAP,32
AIRPORTP97,HAP,32
AIRPORTPHN,HAP,33
AIRPORTPLN,HAP,34
AIRPORTPTK,HAP,34
AIRPORTPZQ,HAP,32
AIRPORTRCT,HAP,32
AIRPORTRMY,HAP,32
AIRPORTRNP,HAP,32
AIRPORTRQB,HAP,32
AIRPORTSAW,HAP,33
AIRPORTSJX,HAP,32
AIRPORTSLH,HAP,32
AIRPORTTEW,HAP,32
AIRPORTTTF,HAP,32
AIRPORTTVC,HAP,33
AIRPORTVLL,HAP,32
AIRPORTW87,HAP,32
AIRPORTY04,HAP,32
AIRPORTY30,HAP,32
AIRPORTY31,HAP,32
AIRPORTY47,HAP,32
AIRPORTY65,HAP,32
AIRPORTY70,HAP,32
AIRPORTY73,HAP,32
AIRPORTY83,HAP,32
AIRPORTY87,HAP,32
AIRPORTY88,HAP,32
AIRPORTY89,HAP,32
AIRPORTY91,HAP,32
AIRPORTY93,HAP,32
AIRPORTY94,HAP,32
AIRPORTY95,HAP,32
AIRPORTY96,HAP,32
AIRPORTY98,HAP,32
AIRPORTYIP,HAP,34
AIRPORTZ92,HAP,32
AIRPORTZ98,HAP,32
B0070,HAP,32
B0785,HAP,32
B1470,HAP,34
B1471,HAP,28
B1476,HAP,68
B1477,HAP,39
B1479,HAP,11
B1485,HAP,37
B1486,HAP,23
B1493,HAP,32
B1523,HAP,1
B1526,HAP,32
B1534,HAP,37
B1537,HAP,32
B1548,HAP,36
B1559,HAP,30
B1577,HAP,14
B1597,HAP,51
B1604,HAP,32
B1606,HAP,42
B1607,HAP,11
B1608,HAP,11
B1620,HAP,37
B1633,HAP,33
B1646,HAP,34
B1652,HAP,1
B1657,HAP,17
B1659,HAP,1
B1677,HAP,35
B1678,HAP,34
B1686,HAP,1
B1709,HAP,1
B1713,HAP,32
B1716,HAP,5
B1737,HAP,2
B1739,HAP,37
B1754,HAP,1
B1771,HAP,36
B1792,HAP,43
B1798,HAP,38
B1801,HAP,34
B1824,HAP,34
B1827,HAP,32
B1833,HAP,70
B1846,HAP,25
B1851,HAP,32
B1855,HAP,38
B1877,HAP,14
B1889,HAP,10
B1891,HAP,10
B1893,HAP,32
B1909,HAP,15
B1912,HAP,34
B1925,HAP,39
B1945,HAP,32
B1950,HAP,10
B1956,HAP,38
B1960,HAP,38
B1961,HAP,6
B1966,HAP,70
B1976,HAP,75
B1986,HAP,34
B1989,HAP,2
B1991,HAP,25
B2013,HAP,36
B2014,HAP,32
B2015,HAP,1
B2024,HAP,34
B2025,HAP,2
B2032,HAP,32
B2050,HAP,35
B2063,HAP,59
B2064,HAP,52
B2103,HAP,32
B2132,HAP,36
B2155,HAP,22
B2158,HAP,32
B2169,HAP,2
B2174,HAP,34
B2178,HAP,13
B2209,HAP,24
B2217,HAP,34
B2329,HAP,40
B2331,HAP,32
B2357,HAP,73
B2359,HAP,32
B2363,HAP,1
B2429,HAP,36
B2460,HAP,32
B2561,HAP,35
B2589,HAP,35
B2644,HAP,40
B2647,HAP,72
B2751,HAP,32
B2757,HAP,8
B2763,HAP,38
B2767,HAP,41
B2793,HAP,3
B2795,HAP,22
B2796,HAP,76
B2798,HAP,20
B2802,HAP,22
B2803,HAP,22
B2804,HAP,22
B2805,HAP,20
B2806,HAP,33
B2807,HAP,22
B2808,HAP,36
B2810,HAP,74
B2811,HAP,74
B2814,HAP,32
B2816,HAP,74
B2817,HAP,33
B2835,HAP,75
B2838,HAP,32
B2840,HAP,77
B2866,HAP,4
B2869,HAP,40
B2873,HAP,34
B2875,HAP,32
B2876,HAP,32
B2881,HAP,1
B2918,HAP,20
B2919,HAP,20
B2926,HAP,2
B2927,HAP,5
B2934,HAP,32
B2942,HAP,32
B2952,HAP,34
B2956,HAP,24
B2992,HAP,38
B3000,HAP,4
B3012,HAP,32
B3037,HAP,33
B3120,HAP,38
B3195,HAP,38
B3241,HAP,36
B3291,HAP,34
B3315,HAP,1
B3350,HAP,36
B3472,HAP,33
B3518,HAP,9
B3533,HAP,1
B3534,HAP,24
B3567,HAP,4
B3610,HAP,51
B3692,HAP,72
B3721,HAP,59
B4001,HAP,74
B4032,HAP,37
B4045,HAP,33
B4049,HAP,36
B4058,HAP,24
B4072,HAP,36
B4102,HAP,24
B4131,HAP,32
B4134,HAP,34
B4137,HAP,38
B4138,HAP,38
B4147,HAP,41
B4164,HAP,41
B4167,HAP,38
B4197,HAP,32
B4238,HAP,32
B4243,HAP,1
B4252,HAP,31
B4260,HAP,64
B4261,HAP,70
B4265,HAP,34
B4266,HAP,11
B4280,HAP,38
B4282,HAP,20
B4287,HAP,38
B4288,HAP,37
B4292,HAP,20
B4302,HAP,34
B4303,HAP,8
B4306,HAP,35
B4311,HAP,32
B4321,HAP,33
B4359,HAP,45
B4364,HAP,1
B4380,HAP,1
B4383,HAP,24
B4395,HAP,32
B4538,HAP,2
B4569,HAP,32
B4752,HAP,32
B4885,HAP,32
B4925,HAP,32
B4942,HAP,33
B4977,HAP,32
B5022,HAP,1
B5162,HAP,32
B5215,HAP,9
B5417,HAP,34
B5421,HAP,32
B5453,HAP,32
B5462,HAP,44
B5552,HAP,1
B5579,HAP,35
B5584,HAP,24
B5587,HAP,24
B5588,HAP,24
B5589,HAP,1
B5627,HAP,6
B5635,HAP,1
B5642,HAP,1
B5667,HAP,24
B5668,HAP,24
B5777,HAP,2
B5779,HAP,4
B5817,HAP,37
B5823,HAP,38
B5830,HAP,33
B5838,HAP,37
B5853,HAP,34
B5854,HAP,2
B5918,HAP,4
B5921,HAP,34
B5966,HAP,34
B6001,HAP,36
B6010,HAP,1
B6013,HAP,24
B6027,HAP,36
B6037,HAP,9
B6106,HAP,11
B6107,HAP,11
B6145,HAP,44
B6175,HAP,2
B6177,HAP,24
B6178,HAP,32
B6179,HAP,35
B6202,HAP,6
B6213,HAP,1
B6220,HAP,4
B6227,HAP,32
B6230,HAP,24
B6237,HAP,47
B6420,HAP,35
B6455,HAP,1
B6478,HAP,53
B6480,HAP,41
B6481,HAP,12
B6497,HAP,24
B6501,HAP,1
B6508,HAP,24
B6519,HAP,36
B6527,HAP,39
B6528,HAP,18
B6553,HAP,14
B6569,HAP,33
B6601,HAP,32
B6608,HAP,32
B6611,HAP,68
B6614,HAP,5
B6619,HAP,33
B6620,HAP,64
B6625,HAP,2
B6633,HAP,32
B6636,HAP,59
B6637,HAP,59
B6643,HAP,2
B6646,HAP,6
B6660,HAP,3
B6712,HAP,1
B6828,HAP,5
B7013,HAP,1
B7018,HAP,1
B7037,HAP,1
B7038,HAP,32
B7061,HAP,12
B7068,HAP,34
B7085,HAP,1
B7090,HAP,34
B7093,HAP,24
B7099,HAP,28
B7110,HAP,9
B7117,HAP,1
B7192,HAP,61
B7196,HAP,41
B7197,HAP,41
B7198,HAP,59
B7205,HAP,29
B7219,HAP,45
B7220,HAP,59
B7221,HAP,46
B7222,HAP,24
B7227,HAP,43
B7244,HAP,32
B7248,HAP,42
B7276,HAP,32
B7287,HAP,11
B7288,HAP,1
B7294,HAP,2
B7300,HAP,38
B7302,HAP,40
B7356,HAP,3
B7357,HAP,1
B7390,HAP,45
B7529,HAP,11
B7536,HAP,11
B7561,HAP,24
B7711,HAP,7
B7778,HAP,1
B7870,HAP,5
B7977,HAP,7
B8337,HAP,45
B8570,HAP,32
B8573,HAP,54
B8574,HAP,34
B8603,HAP,62
B8606,HAP,1
B8704,HAP,32
B8723,HAP,9
B8747,HAP,12
B8786,HAP,9
B8851,HAP,11
B8860,HAP,2
B8863,HAP,32
B9036,HAP,1
B9050,HAP,1
B9052,HAP,1
B9072,HAP,26
B9073,HAP,9
B9074,HAP,9
B9080,HAP,32
B9081,HAP,1
B9132,HAP,5
B9135,HAP,24
B9136,HAP,24
B9137,HAP,24
B9139,HAP,1
B9142,HAP,24
B9144,HAP,24
B9149,HAP,24
B9151,HAP,40
B9152,HAP,24
B9160,HAP,24
B9161,HAP,24
B9164,HAP,24
B9165,HAP,24
B9169,HAP,24
B9181,HAP,2
B9201,HAP,9
C5704,HAP,33
C5728,HAP,32
C6230,HAP,11
D3598,HAP,37
D6394,HAP,36
D8065,HAP,54
E2842,HAP,11
E4437,HAP,37
E4569,HAP,37
E5094,HAP,35
E6807,HAP,35
F3254,HAP,40
G5066,HAP,39
G5067,HAP,37
G5252,HAP,34
G7126,HAP,38
H2781,HAP,1
H5877,HAP,39
H6092,HAP,9
J4912,HAP,36
K1260,HAP,36
K1271,HAP,37
K1276,HAP,36
K1283,HAP,32
K2087,HAP,35
K2120,HAP,35
K2131,HAP,41
K2153,HAP,35
K2155,HAP,46
K2460,HAP,77
K2688,HAP,35
K2729,HAP,35
K3249,HAP,52
K5375,HAP,32
K5392,HAP,11
K5497,HAP,11
M0037,HAP,32
M0239,HAP,52
M0675,HAP,43
M0705,HAP,2
M1812,HAP,35
M1952,HAP,32
M1954,HAP,32
M1967,HAP,35
M1968,HAP,34
M2032,HAP,35
M2973,HAP,2
M3431,HAP,35
M3546,HAP,41
M3554,HAP,2
M3641,HAP,38
M3653,HAP,36
M3654,HAP,1
M3716,HAP,1
M3733,HAP,15
M3792,HAP,32
M3912,HAP,32
M4008,HAP,2
M4085,HAP,1
M4086,HAP,32
M4132,HAP,10
M4148,HAP,17
M4153,HAP,32
M4174,HAP,42
M4175,HAP,36
M4199,HAP,41
M4204,HAP,32
M4210,HAP,40
M4232,HAP,36
M4347,HAP,33
M4492,HAP,2
M4545,HAP,26
M4547,HAP,32
M4731,HAP,24
M4732,HAP,32
M4734,HAP,10
M4752,HAP,36
M4764,HAP,32
M4768,HAP,32
M4772,HAP,32
M4773,HAP,32
M4774,HAP,32
M4777,HAP,6
M4780,HAP,7
M4782,HAP,8
M4793,HAP,6
M4803,HAP,12
M4833,HAP,32
M4836,HAP,2
M4845,HAP,11
M4854,HAP,21
N0034,HAP,1
N0081,HAP,1
N0139,HAP,38
N0199,HAP,24
N0200,HAP,24
N0436,HAP,37
N0503,HAP,24
N0544,HAP,2
N0547,HAP,32
N0579,HAP,37
N0598,HAP,1
N0677,HAP,34
N0731,HAP,32
N0758,HAP,37
N0770,HAP,1
N0780,HAP,35
N0795,HAP,2
N0802,HAP,2
N0824,HAP,1
N0830,HAP,4
N0842,HAP,38
N0879,HAP,1
N0890,HAP,65
N0895,HAP,9
N0923,HAP,37
N0929,HAP,33
N0934,HAP,3
N0950,HAP,6
N0989,HAP,37
N0991,HAP,1
N1014,HAP,5
N1060,HAP,4
N1099,HAP,57
N1160,HAP,59
N1192,HAP,40
N1216,HAP,2
N1229,HAP,1
N1237,HAP,35
N1266,HAP,64
N1271,HAP,1
N1315,HAP,36
N1316,HAP,49
N1328,HAP,4
N1336,HAP,32
N1355,HAP,40
N1357,HAP,41
N1384,HAP,34
N1395,HAP,64
N1397,HAP,24
N1430,HAP,14
N1436,HAP,39
N1461,HAP,32
N1470,HAP,3
N1536,HAP,32
N1580,HAP,51
N1581,HAP,32
N1604,HAP,36
N1622,HAP,32
N1643,HAP,35
N1651,HAP,5
N1652,HAP,3
N1656,HAP,42
N1685,HAP,45
N1701,HAP,32
N1749,HAP,5
N1757,HAP,32
N1761,HAP,38
N1781,HAP,36
N1784,HAP,39
N1794,HAP,32
N1836,HAP,24
N1862,HAP,3
N1863,HAP,8
N1864,HAP,2
N1888,HAP,16
N1905,HAP,41
N1912,HAP,12
N1916,HAP,1
N1917,HAP,24
N1966,HAP,33
N1975,HAP,1
N2003,HAP,7
N2038,HAP,1
N2079,HAP,11
N2090,HAP,2
N2096,HAP,24
N2107,HAP,1
N2121,HAP,3
N2128,HAP,3
N2137,HAP,5
N2148,HAP,5
N2155,HAP,42
N2168,HAP,35
N2184,HAP,41
N2198,HAP,5
N2206,HAP,28
N2239,HAP,1
N2352,HAP,9
N2354,HAP,1
N2362,HAP,1
N2383,HAP,2
N2384,HAP,1
N2388,HAP,68
N2430,HAP,3
N2432,HAP,34
N2440,HAP,1
N2454,HAP,62
N2455,HAP,24
N2503,HAP,4
N2525,HAP,4
N2575,HAP,1
N2586,HAP,37
N2614,HAP,33
N2626,HAP,51
N2627,HAP,24
N2680,HAP,38
N2812,HAP,5
N2901,HAP,54
N2908,HAP,8
N2915,HAP,57
N2940,HAP,35
N2950,HAP,11
N2954,HAP,39
N2955,HAP,35
N2999,HAP,2
N3022,HAP,58
N3078,HAP,1
N3111,HAP,3
N3152,HAP,24
N3177,HAP,24
N3188,HAP,24
N3195,HAP,11
N3205,HAP,5
N3206,HAP,5
N3225,HAP,32
N3246,HAP,32
N3254,HAP,9
N3267,HAP,1
N3341,HAP,44
N3391,HAP,32
N3392,HAP,41
N3396,HAP,24
N3417,HAP,35
N3422,HAP,41
N3435,HAP,24
N3517,HAP,11
N3519,HAP,28
N3570,HAP,66
N3626,HAP,24
N3631,HAP,25
N3655,HAP,36
N3687,HAP,1
N3747,HAP,5
N3748,HAP,1
N3751,HAP,1
N3758,HAP,35
N3759,HAP,35
N3760,HAP,35
N3818,HAP,22
N3920,HAP,48
N3929,HAP,32
N3987,HAP,36
N4975,HAP,38
N5044,HAP,5
N5056,HAP,37
N5061,HAP,2
N5101,HAP,1
N5109,HAP,1
N5131,HAP,24
N5183,HAP,11
N5226,HAP,32
N5240,HAP,1
N5241,HAP,24
N5286,HAP,2
N5296,HAP,1
N5354,HAP,46
N5403,HAP,51
N5429,HAP,1
N5455,HAP,1
N5460,HAP,38
N5466,HAP,34
N5477,HAP,24
N5490,HAP,23
N5505,HAP,11
N5535,HAP,6
N5541,HAP,1
N5545,HAP,9
N5572,HAP,57
N5573,HAP,59
N5574,HAP,52
N5575,HAP,58
N5576,HAP,20
N5578,HAP,1
N5581,HAP,53
N5582,HAP,7
N5586,HAP,45
N5597,HAP,51
N5599,HAP,1
N5626,HAP,38
N5675,HAP,4
N5688,HAP,32
N5716,HAP,2
N5719,HAP,6
N5724,HAP,23
N5733,HAP,1
N5747,HAP,35
N5748,HAP,24
N5760,HAP,32
N5772,HAP,42
N5778,HAP,37
N5792,HAP,46
N5797,HAP,32
N5798,HAP,41
N5810,HAP,10
N5814,HAP,15
N5831,HAP,41
N5841,HAP,24
N5842,HAP,24
N5866,HAP,32
N5880,HAP,38
N5886,HAP,1
N5887,HAP,33
N5930,HAP,32
N5933,HAP,24
N5934,HAP,24
N5935,HAP,41
N5936,HAP,41
N5937,HAP,24
N5940,HAP,34
N5955,HAP,22
N5957,HAP,14
N5963,HAP,24
N5987,HAP,1
N5989,HAP,40
N5996,HAP,1
N5997,HAP,1
N5998,HAP,24
N6000,HAP,14
N6004,HAP,14
N6005,HAP,24
N6012,HAP,1
N6013,HAP,32
N6015,HAP,41
N6016,HAP,36
N6022,HAP,24
N6033,HAP,25
N6035,HAP,14
N6037,HAP,27
N6038,HAP,1
N6039,HAP,26
N6049,HAP,40
N6050,HAP,24
N6053,HAP,40
N6054,HAP,41
N6056,HAP,40
N6058,HAP,41
N6060,HAP,24
N6064,HAP,40
N6065,HAP,1
N6066,HAP,1
N6067,HAP,40
N6068,HAP,1
N6069,HAP,1
N6070,HAP,1
N6071,HAP,1
N6072,HAP,1
N6074,HAP,1
N6076,HAP,24
N6079,HAP,24
N6080,HAP,40
N6083,HAP,25
N6084,HAP,24
N6086,HAP,24
N6088,HAP,24
N6091,HAP,40
N6094,HAP,25
N6096,HAP,24
N6099,HAP,24
N6102,HAP,24
N6103,HAP,24
N6104,HAP,45
N6107,HAP,40
N6109,HAP,24
N6113,HAP,40
N6114,HAP,24
N6116,HAP,24
N6118,HAP,24
N6119,HAP,24
N6120,HAP,24
N6121,HAP,24
N6124,HAP,24
N6125,HAP,41
N6126,HAP,24
N6128,HAP,40
N6130,HAP,24
N6131,HAP,24
N6133,HAP,40
N6135,HAP,24
N6136,HAP,40
N6138,HAP,40
N6141,HAP,41
N6142,HAP,41
N6143,HAP,41
N6144,HAP,41
N6145,HAP,40
N6146,HAP,41
N6148,HAP,24
N6149,HAP,40
N6150,HAP,24
N6151,HAP,40
N6152,HAP,41
N6153,HAP,41
N6154,HAP,40
N6155,HAP,40
N6156,HAP,41
N6157,HAP,41
N6158,HAP,40
N6160,HAP,24
N6171,HAP,14
N6182,HAP,24
N6183,HAP,24
N6185,HAP,40
N6188,HAP,40
N6189,HAP,41
N6191,HAP,41
N6192,HAP,41
N6196,HAP,24
N6197,HAP,24
N6218,HAP,4
N6220,HAP,1
N6221,HAP,24
N6226,HAP,35
N6229,HAP,1
N6231,HAP,24
N6233,HAP,24
N6234,HAP,24
N6235,HAP,44
N6241,HAP,24
N6242,HAP,41
N6249,HAP,36
N6251,HAP,17
N6261,HAP,5
N6266,HAP,7
N6279,HAP,40
N6281,HAP,1
N6283,HAP,24
N6306,HAP,24
N6307,HAP,24
N6317,HAP,24
N6322,HAP,41
N6327,HAP,6
N6338,HAP,24
N6346,HAP,24
N6355,HAP,24
N6358,HAP,32
N6385,HAP,24
N6388,HAP,32
N6391,HAP,24
N6413,HAP,24
N6427,HAP,11
N6429,HAP,24
N6430,HAP,24
N6431,HAP,40
N6432,HAP,24
N6443,HAP,40
N6444,HAP,24
N6446,HAP,40
N6448,HAP,24
N6452,HAP,2
N6453,HAP,24
N6488,HAP,24
N6496,HAP,2
N6515,HAP,2
N6521,HAP,32
N6524,HAP,11
N6526,HAP,20
N6537,HAP,7
N6560,HAP,40
N6561,HAP,1
N6577,HAP,32
N6578,HAP,1
N6579,HAP,38
N6589,HAP,24
N6593,HAP,2
N6594,HAP,1
N6599,HAP,24
N6600,HAP,24
N6603,HAP,11
N6608,HAP,24
N6609,HAP,24
N6611,HAP,2
N6626,HAP,32
N6631,HAP,39
N6646,HAP,1
N6664,HAP,24
N6704,HAP,24
N6705,HAP,24
N6707,HAP,5
N6726,HAP,32
N6731,HAP,20
N6744,HAP,41
N6749,HAP,24
N6750,HAP,24
N6760,HAP,1
N6762,HAP,24
N6764,HAP,40
N6767,HAP,39
N6769,HAP,2
N6791,HAP,1
N6804,HAP,24
N6833,HAP,32
N6837,HAP,24
N6838,HAP,49
N6849,HAP,24
N6850,HAP,24
N6851,HAP,24
N6861,HAP,24
N6866,HAP,32
N6873,HAP,21
N6874,HAP,1
N6880,HAP,24
N6883,HAP,24
N6901,HAP,24
N6907,HAP,24
N6913,HAP,24
N6914,HAP,24
N6939,HAP,40
N6946,HAP,41
N6947,HAP,24
N6950,HAP,43
N6957,HAP,24
N6962,HAP,6
N6974,HAP,24
N6976,HAP,32
N6980,HAP,35
N6989,HAP,6
N6995,HAP,40
N6996,HAP,35
N6999,HAP,24
N7011,HAP,24
N7015,HAP,24
N7022,HAP,41
N7031,HAP,24
N7065,HAP,41
N7090,HAP,40
N7092,HAP,40
N7093,HAP,41
N7094,HAP,40
N7096,HAP,32
N7113,HAP,21
N7121,HAP,38
N7123,HAP,24
N7132,HAP,34
N7146,HAP,6
N7147,HAP,1
N7151,HAP,24
N7166,HAP,1
N7168,HAP,24
N7174,HAP,1
N7190,HAP,40
N7191,HAP,5
N7202,HAP,32
N7217,HAP,24
N7232,HAP,24
N7246,HAP,37
N7256,HAP,1
N7259,HAP,24
N7271,HAP,43
N7284,HAP,40
N7288,HAP,24
N7289,HAP,36
N7303,HAP,32
N7320,HAP,6
N7321,HAP,1
N7330,HAP,41
N7341,HAP,25
N7349,HAP,32
N7353,HAP,5
N7362,HAP,1
N7374,HAP,5
N7375,HAP,24
N7383,HAP,36
N7385,HAP,24
N7390,HAP,24
N7392,HAP,24
N7406,HAP,41
N7407,HAP,24
N7409,HAP,24
N7411,HAP,36
N7412,HAP,24
N7413,HAP,6
N7415,HAP,37
N7418,HAP,5
N7421,HAP,57
N7422,HAP,3
N7425,HAP,1
N7436,HAP,32
N7438,HAP,5
N7453,HAP,40
N7454,HAP,24
N7456,HAP,24
N7457,HAP,40
N7458,HAP,24
N7460,HAP,6
N7462,HAP,40
N7463,HAP,40
N7465,HAP,40
N7467,HAP,40
N7470,HAP,40
N7472,HAP,40
N7482,HAP,24
N7488,HAP,40
N7493,HAP,33
N7519,HAP,4
N7523,HAP,40
N7525,HAP,40
N7526,HAP,40
N7531,HAP,40
N7532,HAP,40
N7537,HAP,24
N7538,HAP,24
N7556,HAP,24
N7560,HAP,24
N7561,HAP,40
N7569,HAP,6
N7575,HAP,40
N7581,HAP,20
N7592,HAP,40
N7595,HAP,24
N7607,HAP,24
N7618,HAP,24
N7624,HAP,49
N7631,HAP,24
N7688,HAP,36
N7706,HAP,40
N7723,HAP,11
N7764,HAP,4
N7782,HAP,24
N7795,HAP,1
N7807,HAP,6
N7809,HAP,32
N7813,HAP,24
N7817,HAP,41
N7820,HAP,24
N7822,HAP,24
N7824,HAP,40
N7825,HAP,24
N7826,HAP,24
N7828,HAP,24
N7831,HAP,24
N7832,HAP,24
N7834,HAP,24
N7844,HAP,11
N7858,HAP,24
N7862,HAP,40
N7864,HAP,2
N7868,HAP,24
N7873,HAP,24
N7886,HAP,47
N7888,HAP,3
N7900,HAP,24
N7901,HAP,41
N7906,HAP,1
N7907,HAP,1
N7927,HAP,1
N7943,HAP,24
N7961,HAP,24
N7982,HAP,1
N7996,HAP,24
N8018,HAP,24
N8032,HAP,41
N8040,HAP,1
N8041,HAP,41
N8055,HAP,6
N8066,HAP,24
N8070,HAP,24
N8075,HAP,40
N8078,HAP,24
N8087,HAP,11
N8151,HAP,49
N8162,HAP,48
N8170,HAP,40
N8174,HAP,11
N8182,HAP,41
N8192,HAP,32
N8204,HAP,1
N8242,HAP,24
N8248,HAP,4
N8252,HAP,24
N8256,HAP,24
N8258,HAP,24
N8265,HAP,32
N8270,HAP,32
N8273,HAP,35
N8295,HAP,45
N8302,HAP,24
N8304,HAP,11
N8308,HAP,33
N8327,HAP,24
P0006,HAP,40
P0008,HAP,11
P0014,HAP,24
P0015,HAP,24
P0016,HAP,24
P0020,HAP,40
P0023,HAP,40
P0024,HAP,32
P0033,HAP,40
P0036,HAP,40
P0037,HAP,40
P0039,HAP,40
P0042,HAP,40
P0043,HAP,40
P0059,HAP,1
P0068,HAP,24
P0087,HAP,35
P0090,HAP,24
P0100,HAP,24
P0137,HAP,24
P0152,HAP,35
P0195,HAP,24
P0197,HAP,24
P0198,HAP,45
P0206,HAP,45
P0218,HAP,1
P0243,HAP,35
P0260,HAP,41
P0268,HAP,24
P0269,HAP,24
P0271,HAP,2
P0293,HAP,1
P0336,HAP,35
P0358,HAP,24
P0359,HAP,3
P0362,HAP,5
P0367,HAP,2
P0374,HAP,11
P0375,HAP,20
P0377,HAP,24
P0384,HAP,1
P0402,HAP,23
P0408,HAP,10
P0411,HAP,24
P0417,HAP,1
P0429,HAP,15
P0435,HAP,40
P0437,HAP,1
P0443,HAP,44
P0445,HAP,34
P0446,HAP,40
P0448,HAP,34
P0457,HAP,5
P0465,HAP,39
P0468,HAP,36
P0478,HAP,24
P0479,HAP,1
P0480,HAP,24
P0486,HAP,24
P0505,HAP,11
P0515,HAP,2
P0517,HAP,36
P0526,HAP,24
P0530,HAP,23
P0534,HAP,11
P0539,HAP,24
P0544,HAP,24
P0547,HAP,11
P0556,HAP,24
P0566,HAP,24
P0578,HAP,1
P0582,HAP,32
P0585,HAP,57
P0594,HAP,26
P0598,HAP,44
P0599,HAP,24
P0615,HAP,32
P0625,HAP,35
P0627,HAP,24
P0634,HAP,1
P0636,HAP,1
P0637,HAP,35
P0640,HAP,35
P0666,HAP,1
P0668,HAP,47
P0691,HAP,24
P0709,HAP,11
P0711,HAP,1
P0727,HAP,32
P0734,HAP,11
P0735,HAP,41
P0743,HAP,24
P0755,HAP,24
P0758,HAP,38
P0775,HAP,24
P0777,HAP,41
P0779,HAP,32
P0791,HAP,24
P0798,HAP,24
P0817,HAP,1
P0825,HAP,24
P0828,HAP,24
P0862,HAP,3
